id,serial,customer,territory,opening_pressure,opening_vacuum,unit,test_date,dispatch_date,notes,field1,field2,field3
1,A0401,PT Coupling,USA,1.45,-0.38,PSI,29-Jan-18,31-Jan-18,,,,
2,A0402,PT Coupling,USA,1.32,-0.36,PSI,29-Jan-18,31-Jan-18,,,,
3,A0403,PT Coupling,USA,1.32,-0.32,PSI,29-Jan-18,31-Jan-18,,,,
4,A0404,PT Coupling,USA,1.38,-0.33,PSI,29-Jan-18,31-Jan-18,,,,
5,A0405,PT Coupling,USA,1.38,-0.3,PSI,29-Jan-18,31-Jan-18,,,,
6,A0406,PT Coupling,USA,1.45,-0.29,PSI,29-Jan-18,31-Jan-18,,,,
7,A0407,PT Coupling,USA,1.48,-0.32,PSI,29-Jan-18,31-Jan-18,,,,
8,A0408,PT Coupling,USA,1.49,-0.35,PSI,29-Jan-18,31-Jan-18,,,,
9,A0409,PT Coupling,USA,1.48,-0.38,PSI,29-Jan-18,31-Jan-18,,,,
10,A0410,PT Coupling,USA,1.38,-0.36,PSI,29-Jan-18,31-Jan-18,,,,
11,A0411,PT Coupling,USA,1.34,-0.32,PSI,29-Jan-18,31-Jan-18,,,,
12,A0412,PT Coupling,USA,1.48,-0.42,PSI,30-Jan-18,31-Jan-18,,,,
13,A0413,PT Coupling,USA,1.58,-0.43,PSI,30-Jan-18,31-Jan-18,,,,
14,A0414,PT Coupling,USA,1.50,-0.33,PSI,30-Jan-18,31-Jan-18,,,,
15,A0415,PT Coupling,USA,1.40,-0.36,PSI,30-Jan-18,31-Jan-18,,,,
16,A0416,PT Coupling,USA,1.40,-0.38,PSI,01-Feb-18,31-Jan-18,,,,
17,A0417,PT Coupling,USA,1.42,-0.36,PSI,01-Feb-18,31-Jan-18,,,,
18,A0418,PT Coupling,USA,1.49,-0.38,PSI,01-Feb-18,31-Jan-18,,,,
19,A0419,PT Coupling,USA,1.48,-0.38,PSI,01-Feb-18,31-Jan-18,,,,
20,A0420,PT Coupling,USA,1.38,-0.32,PSI,01-Feb-18,31-Jan-18,,,,
21,A0421,PT Coupling,USA,1.36,-0.37,PSI,01-Feb-18,31-Jan-18,,,,
22,A0422,PT Coupling,USA,1.38,-0.37,PSI,01-Feb-18,31-Jan-18,,,,
23,A0423,PT Coupling,USA,1.32,-0.38,PSI,01-Feb-18,31-Jan-18,,,,
24,A0424,PT Coupling,USA,1.40,-0.35,PSI,01-Feb-18,31-Jan-18,,,,
25,A0425,PT Coupling,USA,1.46,-0.34,PSI,01-Feb-18,31-Jan-18,,,,
26,A0426,PT Coupling,USA,1.48,-0.4,PSI,01-Feb-18,31-Jan-18,,,,
27,A0601,PT Coupling,USA,1.30,-0.35,PSI,09-Feb-18,31-Jan-18,,,,
28,A0602,PT Coupling,USA,1.51,-0.35,PSI,09-Feb-18,31-Jan-18,,,,
29,A0603,PT Coupling,USA,1.34,-0.37,PSI,09-Feb-18,31-Jan-18,,,,
30,A0604,PT Coupling,USA,1.40,-0.36,PSI,09-Feb-18,31-Jan-18,,,,
31,A0605,PT Coupling,USA,1.44,-0.31,PSI,09-Feb-18,31-Jan-18,,,,
32,A0606,PT Coupling,USA,1.50,-0.38,PSI,09-Feb-18,31-Jan-18,,,,
33,A0607,PT Coupling,USA,1.50,-0.41,PSI,14-Feb-18,31-Jan-18,,,,
34,A0608,PT Coupling,USA,1.48,-0.38,PSI,14-Feb-18,31-Jan-18,,,,
35,A0609,PT Coupling,USA,1.52,-0.39,PSI,14-Feb-18,31-Jan-18,,,,
36,A0610,PT Coupling,USA,1.57,-0.3,PSI,14-Feb-18,31-Jan-18,,,,
37,A0611,PT Coupling,USA,1.44,-0.41,PSI,14-Feb-18,31-Jan-18,,,,
38,A0612,PT Coupling,USA,1.30,-0.38,PSI,14-Feb-18,31-Jan-18,,,,
39,A0613,PT Coupling,USA,1.46,-0.32,PSI,14-Feb-18,31-Jan-18,,,,
40,A0614,PT Coupling,USA,1.36,-0.34,PSI,14-Feb-18,31-Jan-18,,,,
41,A0615,PT Coupling,USA,1.56,-0.38,PSI,14-Feb-18,31-Jan-18,,,,
42,A0616,PT Coupling,USA,1.32,-0.33,PSI,14-Feb-18,31-Jan-18,,,,
43,A0617,PT Coupling,USA,1.48,-0.39,PSI,14-Feb-18,31-Jan-18,,,,
44,A0618,PT Coupling,USA,1.42,-0.41,PSI,19-Feb-18,31-Jan-18,,,,
45,A0619,PT Coupling,USA,1.53,-0.37,PSI,19-Feb-18,31-Jan-18,,,,
46,A0620,PT Coupling,USA,1.53,-0.36,PSI,19-Feb-18,31-Jan-18,,,,
47,A0621,PT Coupling,USA,1.44,-0.34,PSI,19-Feb-18,31-Jan-18,,,,
48,A0622,PT Coupling,USA,1.58,-0.36,PSI,19-Feb-18,31-Jan-18,,,,
49,A0623,PT Coupling,USA,1.56,-0.39,PSI,19-Feb-18,31-Jan-18,,,,
50,A0624,PT Coupling,USA,1.54,-0.36,PSI,19-Feb-18,31-Jan-18,,,,
51,A0625,PT Coupling,USA,1.55,-0.35,PSI,19-Feb-18,31-Jan-18,,,,
52,A0626,PT Coupling,USA,1.58,-0.42,PSI,19-Feb-18,31-Jan-18,,,,
53,A0627,PT Coupling,USA,1.49,-0.38,PSI,19-Feb-18,31-Jan-18,,,,
54,A0628,PT Coupling,USA,1.56,-0.32,PSI,19-Feb-18,31-Jan-18,,,,
55,A0629,PT Coupling,USA,1.60,-0.4,PSI,19-Feb-18,31-Jan-18,,,,
56,A0630,PT Coupling,USA,1.34,-0.36,PSI,19-Feb-18,31-Jan-18,,,,
57,A0631,PT Coupling,USA,1.46,-0.35,PSI,19-Feb-18,31-Jan-18,,,,
58,A0632,PT Coupling,USA,1.58,-0.36,PSI,19-Feb-18,31-Jan-18,,,,
59,A0633,PT Coupling,USA,1.54,-0.39,PSI,19-Feb-18,31-Jan-18,,,,
60,A0634,PT Coupling,USA,1.58,-0.3,PSI,19-Feb-18,31-Jan-18,,,,
61,A0801,PT Coupling,USA,1.35,-0.32,PSI,23-Feb-18,07-Mar-18,,,,
62,A0802,PT Coupling,USA,1.44,-0.32,PSI,23-Feb-18,07-Mar-18,,,,
63,A0803,PT Coupling,USA,1.48,-0.33,PSI,23-Feb-18,07-Mar-18,,,,
64,A0804,PT Coupling,USA,1.65,-0.38,PSI,23-Feb-18,07-Mar-18,,,,
65,A0805,PT Coupling,USA,1.32,-0.4,PSI,23-Feb-18,07-Mar-18,,,,
66,A0806,PT Coupling,USA,1.40,-0.36,PSI,28-Feb-18,07-Mar-18,,,,
67,A0807,PT Coupling,USA,1.40,-0.34,PSI,28-Feb-18,07-Mar-18,,,,
68,A0808,PT Coupling,USA,1.68,-0.34,PSI,28-Feb-18,07-Mar-18,,,,
69,A0809,PT Coupling,USA,1.32,-0.41,PSI,28-Feb-18,07-Mar-18,,,,
70,A0810,PT Coupling,USA,1.25,-0.36,PSI,28-Feb-18,07-Mar-18,,,,
71,A0811,PT Coupling,USA,1.57,-0.39,PSI,28-Feb-18,07-Mar-18,,,,
72,A0812,PT Coupling,USA,1.62,-0.36,PSI,28-Feb-18,07-Mar-18,,,,
73,A0813,PT Coupling,USA,1.33,-0.35,PSI,28-Feb-18,07-Mar-18,,,,
74,A0901,PT Coupling,USA,1.57,-0.4,PSI,28-Feb-18,07-Mar-18,,,,
75,A0902,PT Coupling,USA,1.58,-0.32,PSI,28-Feb-18,07-Mar-18,,,,
76,A0903,PT Coupling,USA,1.30,-0.4,PSI,28-Feb-18,07-Mar-18,,,,
77,A0904,PT Coupling,USA,1.51,-0.36,PSI,28-Feb-18,07-Mar-18,,,,
78,A0905,PT Coupling,USA,1.49,-0.37,PSI,28-Feb-18,07-Mar-18,,,,
79,A0906,PT Coupling,USA,1.58,-0.41,PSI,28-Feb-18,07-Mar-18,,,,
80,A0907,PT Coupling,USA,1.54,-0.36,PSI,28-Feb-18,07-Mar-18,,,,
81,A0908,PT Coupling,USA,1.59,-0.39,PSI,28-Feb-18,07-Mar-18,,,,
82,A0909,PT Coupling,USA,1.60,-0.34,PSI,28-Feb-18,07-Mar-18,,,,
83,A0910,PT Coupling,USA,1.68,-0.41,PSI,28-Feb-18,07-Mar-18,,,,
84,A0911,PT Coupling,USA,1.55,-0.39,PSI,28-Feb-18,07-Mar-18,,,,
85,A0912,PT Coupling,USA,1.56,-0.37,PSI,28-Feb-18,07-Mar-18,,,,
86,A0913,PT Coupling,USA,1.68,-0.39,PSI,28-Feb-18,07-Mar-18,,,,
87,A0914,PT Coupling,USA,1.38,-0.33,PSI,28-Feb-18,07-Mar-18,,,,
88,A0915,PT Coupling,USA,1.58,-0.33,PSI,28-Feb-18,07-Mar-18,,,,
89,A0916,PT Coupling,USA,1.56,-0.35,PSI,28-Feb-18,07-Mar-18,,,,
90,A0917,PT Coupling,USA,1.58,-0.34,PSI,28-Feb-18,07-Mar-18,,,,
91,A0918,PT Coupling,USA,1.34,-0.37,PSI,28-Feb-18,07-Mar-18,,,,
92,A0919,PT Coupling,USA,1.44,-0.4,PSI,28-Feb-18,07-Mar-18,,,,
93,A0920,PT Coupling,USA,1.52,-0.4,PSI,28-Feb-18,07-Mar-18,,,,
94,A0921,PT Coupling,USA,1.68,-0.4,PSI,28-Feb-18,07-Mar-18,,,,
95,A0922,PT Coupling,USA,1.58,-0.38,PSI,28-Feb-18,07-Mar-18,,,,
96,A0923,PT Coupling,USA,1.60,-0.34,PSI,28-Feb-18,07-Mar-18,,,,
97,A0924,PT Coupling,USA,1.65,-0.39,PSI,28-Feb-18,07-Mar-18,,,,
98,A0925,PT Coupling,USA,1.56,-0.37,PSI,28-Feb-18,07-Mar-18,,,,
99,A0926,PT Coupling,USA,1.62,-0.33,PSI,28-Feb-18,07-Mar-18,,,,
100,A0927,PT Coupling,USA,1.66,-0.38,PSI,28-Feb-18,07-Mar-18,,,,
101,A0928,PT Coupling,USA,1.52,-0.37,PSI,28-Feb-18,07-Mar-18,,,,
102,A0929,PT Coupling,USA,1.57,-0.38,PSI,02-Mar-18,07-Mar-18,,,,
103,A0930,PT Coupling,USA,1.53,-0.32,PSI,02-Mar-18,07-Mar-18,,,,
104,A0931,PT Coupling,USA,1.60,-0.4,PSI,02-Mar-18,07-Mar-18,,,,
105,A0932,PT Coupling,USA,1.64,-0.39,PSI,02-Mar-18,07-Mar-18,,,,
106,A0933,PT Coupling,USA,1.59,-0.37,PSI,02-Mar-18,07-Mar-18,,,,
107,A0934,PT Coupling,USA,1.57,-0.35,PSI,02-Mar-18,07-Mar-18,,,,
108,A0935,PT Coupling,USA,1.48,-0.36,PSI,02-Mar-18,07-Mar-18,,,,
109,A0936,PT Coupling,USA,1.56,-0.39,PSI,02-Mar-18,07-Mar-18,,,,
110,A0937,PT Coupling,USA,1.68,-0.39,PSI,02-Mar-18,07-Mar-18,,,,
111,A0938,PT Coupling,USA,1.57,-0.33,PSI,02-Mar-18,07-Mar-18,,,,
112,A0939,PT Coupling,USA,1.55,-0.36,PSI,02-Mar-18,07-Mar-18,,,,
113,A0940,PT Coupling,USA,1.55,-0.39,PSI,02-Mar-18,07-Mar-18,,,,
114,A0941,PT Coupling,USA,1.62,-0.36,PSI,02-Mar-18,07-Mar-18,,,,
115,A0942,PT Coupling,USA,1.64,-0.37,PSI,05-Mar-18,07-Mar-18,,,,
116,A0943,PT Coupling,USA,1.65,-0.4,PSI,05-Mar-18,07-Mar-18,,,,
117,A0944,PT Coupling,USA,1.31,-0.39,PSI,05-Mar-18,07-Mar-18,,,,
118,A0945,PT Coupling,USA,1.56,-0.36,PSI,05-Mar-18,07-Mar-18,,,,
119,A0946,PT Coupling,USA,1.67,-0.39,PSI,05-Mar-18,07-Mar-18,,,,
120,A0947,PT Coupling,USA,1.60,-0.39,PSI,05-Mar-18,07-Mar-18,,,,
121,A0948,PT Coupling,USA,1.37,-0.38,PSI,05-Mar-18,07-Mar-18,,,,
122,A0949,PT Coupling,USA,1.54,-0.37,PSI,05-Mar-18,07-Mar-18,,,,
123,A0950,PT Coupling,USA,1.49,-0.36,PSI,05-Mar-18,07-Mar-18,,,,
124,A0951,PT Coupling,USA,1.58,-0.39,PSI,05-Mar-18,07-Mar-18,,,,
125,A0952,PT Coupling,USA,1.53,-0.38,PSI,05-Mar-18,07-Mar-18,,,,
126,A1001,Mechtronic,UK,10.80,-2.1,KPA,06-Mar-18,09-Mar-18,,,,
127,A1002,Mechtronic,UK,10.50,-2.1,KPA,06-Mar-18,09-Mar-18,,,,
128,A1003,Mechtronic,UK,10.50,-2.2,KPA,06-Mar-18,09-Mar-18,,,,
129,A1004,Mechtronic,UK,10.10,-2,KPA,06-Mar-18,09-Mar-18,,,,
130,A1005,Mechtronic,UK,11.60,-2.3,KPA,06-Mar-18,09-Mar-18,,,,
131,A1006,Mechtronic,UK,11.40,-2.2,KPA,06-Mar-18,09-Mar-18,,,,
132,A1007,Mechtronic,UK,10.80,-2.1,KPA,06-Mar-18,09-Mar-18,,,,
133,A1008,Mechtronic,UK,10.10,-2.2,KPA,06-Mar-18,09-Mar-18,,,,
134,A1009,Mechtronic,UK,10.10,-2,KPA,06-Mar-18,09-Mar-18,,,,
135,A1010,Mechtronic,UK,10.40,-2.1,KPA,06-Mar-18,09-Mar-18,,,,
136,A1011,Mechtronic,UK,10.00,-2,KPA,06-Mar-18,09-Mar-18,,,,
137,A1012,Mechtronic,UK,10.80,-2.1,KPA,06-Mar-18,09-Mar-18,,,,
138,A1013,Mechtronic,UK,11.00,-1.9,KPA,06-Mar-18,09-Mar-18,,,,
139,A1014,Mechtronic,UK,11.20,-2.2,KPA,06-Mar-18,09-Mar-18,,,,
140,A1015,Mechtronic,UK,10.00,-2.1,KPA,06-Mar-18,09-Mar-18,,,,
141,A1016,Mechtronic,UK,10.70,-2,KPA,06-Mar-18,09-Mar-18,,,,
142,A1017,Mechtronic,UK,10.80,-2.1,KPA,06-Mar-18,09-Mar-18,,,,
143,A1018,Mechtronic,UK,10.50,-2,KPA,06-Mar-18,09-Mar-18,,,,
144,A1019,Mechtronic,UK,10.30,-2.1,KPA,06-Mar-18,09-Mar-18,,,,
145,A1020,Mechtronic,UK,10.50,-2.2,KPA,06-Mar-18,09-Mar-18,,,,
146,A1021,Mechtronic,UK,10.40,-2,KPA,06-Mar-18,09-Mar-18,,,,
147,A1022,Mechtronic,UK,9.50,-2,KPA,06-Mar-18,09-Mar-18,,,,
148,A1023,Mechtronic,UK,10.50,-2.1,KPA,06-Mar-18,09-Mar-18,,,,
149,A1024,Mechtronic,UK,10.60,-2.1,KPA,06-Mar-18,09-Mar-18,,,,
150,A1025,Mechtronic,UK,10.70,-2.1,KPA,06-Mar-18,09-Mar-18,,,,
151,A1026,Mechtronic,UK,9.20,-2.3,KPA,06-Mar-18,09-Mar-18,,,,
152,A1027,Mechtronic,UK,10.50,-2.3,KPA,06-Mar-18,09-Mar-18,,,,
153,A1028,Mechtronic,UK,10.60,-1.9,KPA,06-Mar-18,09-Mar-18,,,,
154,A1029,PT Coupling,USA,1.56,-0.36,PSI,06-Mar-18,09-Mar-18,,,,
155,A1030,PT Coupling,USA,1.68,-0.34,PSI,06-Mar-18,09-Mar-18,,,,
156,A1031,Mechtronic,UK,10.50,-2.3,KPA,06-Mar-18,09-Mar-18,,,,
157,A1032,Mechtronic,UK,11.60,-2.2,KPA,07-Mar-18,09-Mar-18,,,,
158,A1033,Mechtronic,UK,10.90,-2,KPA,07-Mar-18,09-Mar-18,,,,
159,A1034,Mechtronic,UK,8.30,-2.2,KPA,07-Mar-18,09-Mar-18,,,,
160,A1035,Mechtronic,UK,9.70,-2.3,KPA,07-Mar-18,09-Mar-18,,,,
161,A1036,Mechtronic,UK,10.00,-2.2,KPA,07-Mar-18,09-Mar-18,,,,
162,A1037,Mechtronic,UK,9.60,-2,KPA,07-Mar-18,09-Mar-18,,,,
163,A1038,Mechtronic,UK,10.40,-2.3,KPA,07-Mar-18,09-Mar-18,,,,
164,A1039,Mechtronic,UK,9.20,-2.1,KPA,07-Mar-18,09-Mar-18,,,,
165,A1040,Mechtronic,UK,10.00,-2.3,KPA,07-Mar-18,09-Mar-18,,,,
166,A1041,Mechtronic,UK,10.40,-2.1,KPA,07-Mar-18,09-Mar-18,,,,
167,A1042,Mechtronic,UK,10.10,-2,KPA,07-Mar-18,09-Mar-18,,,,
168,A1043,Mechtronic,UK,10.60,-2,KPA,07-Mar-18,09-Mar-18,,,,
169,A1044,Mechtronic,UK,11.20,-2,KPA,07-Mar-18,09-Mar-18,,,,
170,A1045,Mechtronic,UK,10.40,-2.3,KPA,07-Mar-18,09-Mar-18,,,,
171,A1046,Mechtronic,UK,11.10,-2,KPA,07-Mar-18,09-Mar-18,,,,
172,A1047,Mechtronic,UK,9.80,-1.9,KPA,07-Mar-18,09-Mar-18,,,,
173,A1048,Mechtronic,UK,10.30,-2.2,KPA,07-Mar-18,09-Mar-18,,,,
174,A1049,Mechtronic,UK,9.90,-2,KPA,07-Mar-18,09-Mar-18,,,,
175,A1050,Mechtronic,UK,9.70,-1.9,KPA,07-Mar-18,09-Mar-18,,,,
176,A1051,Mechtronic,UK,10.00,-2.1,KPA,07-Mar-18,27-Apr-18,,,,
177,A1052,Mechtronic,UK,10.90,-2.1,KPA,07-Mar-18,27-Apr-18,,,,
178,A1053,Mechtronic,UK,10.70,-2.2,KPA,07-Mar-18,27-Apr-18,,,,
179,A1054,Mechtronic,UK,10.10,-2.2,KPA,07-Mar-18,27-Apr-18,,,,
180,A1055,Mechtronic,UK,9.70,-2.2,KPA,07-Mar-18,27-Apr-18,,,,
181,A1056,Mechtronic,UK,10.60,-2.2,KPA,07-Mar-18,27-Apr-18,,,,
182,A1057,Mechtronic,UK,10.00,-2,KPA,07-Mar-18,27-Apr-18,,,,
183,A1058,Mechtronic,UK,11.00,-2.1,KPA,07-Mar-18,27-Apr-18,,,,
184,A1059,Mechtronic,UK,9.80,-1.9,KPA,07-Mar-18,27-Apr-18,,,,
185,A1060,Mechtronic,UK,11.00,-2.2,KPA,10-Mar-18,27-Apr-18,,,,
186,A1061,Mechtronic,UK,11.20,-2.3,KPA,10-Mar-18,27-Apr-18,,,,
187,A1062,Mechtronic,UK,10.70,-2.2,KPA,10-Mar-18,27-Apr-18,,,,
188,A1101,Mechtronic,UK,11.80,-2.3,KPA,16-Mar-18,27-Apr-18,,,,
189,A1102,Mechtronic,UK,11.00,-2.3,KPA,16-Mar-18,27-Apr-18,,,,
190,A1103,Mechtronic,UK,11.40,-2.2,KPA,16-Mar-18,27-Apr-18,,,,
191,A1104,Mechtronic,UK,10.40,-2.3,KPA,16-Mar-18,27-Apr-18,,,,
192,A1105,Mechtronic,UK,10.20,-2.2,KPA,16-Mar-18,27-Apr-18,,,,
193,A1106,Mechtronic,UK,11.20,-2,KPA,16-Mar-18,27-Apr-18,,,,
194,A1107,Mechtronic,UK,11.30,-2.1,KPA,16-Mar-18,27-Apr-18,,,,
195,A1108,Mechtronic,UK,11.20,-2,KPA,16-Mar-18,27-Apr-18,,,,
196,A1109,Mechtronic,UK,11.60,-2.2,KPA,16-Mar-18,27-Apr-18,,,,
197,A1110,Mechtronic,UK,11.90,-2,KPA,16-Mar-18,27-Apr-18,,,,
198,A1201,,UK,9.40,-2,KPA,23-May-18,30-May-18,1st NC Build,,,
199,A1202,,UK,9.90,-2.4,KPA,23-May-18,30-May-18,,,,
200,A1203,,UK,11.50,-2.4,KPA,23-May-18,30-May-18,,,,
201,A1204,,UK,9.00,-2.3,KPA,23-May-18,30-May-18,,,,
202,A1205,,USA,1.42,-0.33,PSI,16-Mar-18,,,,,
203,A1206,,UK,11.00,-2.1,KPA,23-May-18,30-May-18,,,,
204,A1207,,UK,11.00,-2.2,KPA,23-May-18,30-May-18,,,,
205,A1208,,UK,8.40,-2.1,KPA,23-May-18,30-May-18,,,,
206,A1209,,UK,9.70,-2.3,KPA,23-May-18,30-May-18,,,,
207,A1210,,UK,11.60,-2.1,KPA,23-May-18,30-May-18,,,,
208,A1211,,UK,10.50,-2.3,KPA,23-May-18,30-May-18,,,,
209,A1212,,UK,10.10,-2.3,KPA,23-May-18,30-May-18,,,,
210,A1213,,UK,10.40,-2,KPA,23-May-18,30-May-18,,,,
211,A1214,,UK,10.00,-2.3,KPA,23-May-18,30-May-18,,,,
212,A1215,,UK,10.70,-2.4,KPA,23-May-18,30-May-18,,,,
213,A1216,,UK,11.50,-2.3,KPA,23-May-18,30-May-18,,,,
214,A1217,,UK,10.40,-2.1,KPA,23-May-18,30-May-18,,,,
215,A1218,,UK,9.50,-2,KPA,23-May-18,30-May-18,,,,
216,A1219,,UK,10.70,-2.4,KPA,23-May-18,30-May-18,,,,
217,A1220,,UK,9.60,-1.9,KPA,23-May-18,30-May-18,,,,
218,A1400,Mechtronic,UK,10.00,-2.4,KPA,04-Apr-18,27-Apr-18,Valves stripped and rebuilt by FF3D,,,
219,A1401,Nomac,Italy,11.50,-2.1,KPA,04-Apr-18,19-Apr-18,,,,
220,A1402,Mechtronic,UK,9.80,-2.3,KPA,04-Apr-18,27-Apr-18,,,,
221,A1403,Mechtronic,UK,10.20,-2.3,KPA,04-Apr-18,27-Apr-18,,,,
222,A1404,Mechtronic,UK,10.30,-2.4,KPA,04-Apr-18,27-Apr-18,,,,
223,A1405,Mechtronic,UK,10.00,-2.4,KPA,04-Apr-18,27-Apr-18,,,,
224,A1406,Mechtronic,UK,9.80,-2.4,KPA,04-Apr-18,27-Apr-18,,,,
225,A1407,Mechtronic,UK,10.30,-2,KPA,04-Apr-18,27-Apr-18,,,,
226,A1408,Mechtronic,UK,10.00,-2.2,KPA,04-Apr-18,27-Apr-18,,,,
227,A1409,Mechtronic,UK,10.00,-2.2,KPA,04-Apr-18,27-Apr-18,,,,
228,A1410,Mechtronic,UK,10.20,-1.9,KPA,04-Apr-18,27-Apr-18,,,,
229,A1500,Mechtronic,UK,10.60,-2.2,KPA,13-Apr-18,27-Apr-18,,,,
230,A1501,Mechtronic,UK,11.30,-2,KPA,13-Apr-18,27-Apr-18,,,,
231,A1502,Mechtronic,UK,11.40,-2.2,KPA,13-Apr-18,27-Apr-18,,,,
232,A1503,Mechtronic,UK,11.40,-2.3,KPA,13-Apr-18,27-Apr-18,,,,
233,A1504,Mechtronic,UK,9.90,-2.1,KPA,13-Apr-18,27-Apr-18,,,,
234,A1505,Mechtronic,UK,10.80,-2,KPA,13-Apr-18,27-Apr-18,,,,
235,A1506,Mechtronic,UK,11.10,-2.1,KPA,13-Apr-18,27-Apr-18,,,,
236,A1507,Mechtronic,UK,10.70,-2.3,KPA,13-Apr-18,27-Apr-18,,,,
237,A1508,Mechtronic,UK,11.00,-2.2,KPA,13-Apr-18,27-Apr-18,,,,
238,A1509,Mechtronic,UK,11.30,-2.2,KPA,13-Apr-18,27-Apr-18,,,,
239,A1510,Mechtronic,UK,11.30,-2.1,KPA,13-Apr-18,27-Apr-18,,,,
240,A1511,Mechtronic,UK,10.80,-2,KPA,13-Apr-18,27-Apr-18,,,,
241,A1512,Mechtronic,UK,9.50,-2.2,KPA,13-Apr-18,27-Apr-18,,,,
242,A1513,Mechtronic,UK,10.80,-2,KPA,13-Apr-18,27-Apr-18,,,,
243,A1514,Mechtronic,UK,10.20,-2.1,KPA,13-Apr-18,27-Apr-18,,,,
244,A1515,Mechtronic,UK,11.10,-2.2,KPA,13-Apr-18,27-Apr-18,,,,
245,A1516,Mechtronic,UK,10.90,-2,KPA,13-Apr-18,27-Apr-18,,,,
246,A1517,Mechtronic,UK,11.00,-2.1,KPA,13-Apr-18,27-Apr-18,,,,
247,A1518,Mechtronic,UK,11.20,-2.1,KPA,13-Apr-18,30-May-18,,,,
248,A1519,Mechtronic,UK,11.10,-2.2,KPA,13-Apr-18,30-May-18,,,,
249,A1520,Fitzgerald,ROI,11.80,-2.3,KPA,13-Apr-18,03-May-18,,,,
250,A1521,Fitzgerald,ROI,11.80,-2.3,KPA,13-Apr-18,03-May-18,,10,2.1,15-Jun-18
251,A1522,Fitzgerald,ROI,11.40,-2,KPA,13-Apr-18,03-May-18,,11,2.1,15-Jun-18
252,A1523,Fitzgerald,ROI,10.40,-2.3,KPA,13-Apr-18,03-May-18,,,,
253,A1524,Fitzgerald,ROI,9.60,-2.3,KPA,13-Apr-18,03-May-18,,,,
254,A1525,Fitzgerald,ROI,11.40,-2.1,KPA,13-Apr-18,03-May-18,,,,
255,A1526,Fitzgerald,ROI,10.60,-2.3,KPA,13-Apr-18,03-May-18,,,,
256,A1527,Fitzgerald,ROI,11.50,-2.1,KPA,13-Apr-18,03-May-18,,,,
257,A1528,Fitzgerald,ROI,11.10,-2.2,KPA,13-Apr-18,03-May-18,,10.2,2.5,15-Jun-18
258,A1529,Fitzgerald,ROI,11.40,-2.2,KPA,13-Apr-18,03-May-18,,,,
259,A1530,Fitzgerald,ROI,11.80,-2.3,KPA,13-Apr-18,03-May-18,,,,
260,A1531,Fitzgerald,ROI,11.20,-2.3,KPA,13-Apr-18,03-May-18,,,,
261,A1532,Fitzgerald,ROI,10.80,-2.1,KPA,13-Apr-18,03-May-18,,10.1,2.2,
262,A1533,Fitzgerald,ROI,10.40,-2.1,KPA,13-Apr-18,03-May-18,,,,
263,A1534,Fitzgerald,ROI,10.30,-2.3,KPA,13-Apr-18,03-May-18,,,,
264,A1535,Fitzgerald,ROI,11.30,-2,KPA,13-Apr-18,03-May-18,,,,
265,A1536,Fitzgerald,ROI,11.20,-2.1,KPA,13-Apr-18,03-May-18,,,,
266,A1537,Fitzgerald,ROI,11.00,-2.1,KPA,13-Apr-18,03-May-18,,,,
267,A1538,Fitzgerald,ROI,10.70,-2.1,KPA,13-Apr-18,03-May-18,,,,
268,A1539,Fitzgerald,ROI,10.80,-2.3,KPA,13-Apr-18,03-May-18,,,,
269,A1540,Fitzgerald,ROI,9.80,-2.1,KPA,13-Apr-18,03-May-18,Valves stripped and rebuilt by FF3D,,,
270,A1801,Fitzgerald,ROI,10.60,-2.3,KPA,30-Apr-18,03-May-18,,,,
271,A1802,Fitzgerald,ROI,11.00,-2.3,KPA,30-Apr-18,03-May-18,,,,
272,A1803,Fitzgerald,ROI,10.60,-2.3,KPA,30-Apr-18,03-May-18,,,,
273,A1804,Fitzgerald,ROI,9.80,-2,KPA,30-Apr-18,03-May-18,,,,
274,A1805,Fitzgerald,ROI,10.20,-2.1,KPA,30-Apr-18,03-May-18,,,,
275,A1806,Fitzgerald,ROI,10.70,-2.3,KPA,30-Apr-18,03-May-18,,,,
276,A1807,Fitzgerald,ROI,9.70,-2.4,KPA,30-Apr-18,03-May-18,,,,
277,A1808,Fitzgerald,ROI,10.50,-2.1,KPA,30-Apr-18,03-May-18,,,,
278,A1809,Fitzgerald,ROI,10.40,-2.2,KPA,30-Apr-18,03-May-18,,,,
279,A1810,Fitzgerald,ROI,10.70,-2,KPA,30-Apr-18,03-May-18,,10.5,2.3,15-Jun-18
280,A1811,Fitzgerald,ROI,10.90,-2,KPA,30-Apr-18,03-May-18,,,,
281,A1812,Fitzgerald,ROI,10.50,-2.3,KPA,30-Apr-18,03-May-18,,,,
282,A1813,Fitzgerald,ROI,11.20,-2.2,KPA,30-Apr-18,03-May-18,,,,
283,A1814,Fitzgerald,ROI,9.60,-2.1,KPA,30-Apr-18,03-May-18,,,,
284,A1815,Fitzgerald,ROI,11.50,-2,KPA,30-Apr-18,03-May-18,,,,
285,A1816,Fitzgerald,ROI,10.10,-2.1,KPA,30-Apr-18,03-May-18,,,,15-Jun-18
286,A1817,Fitzgerald,ROI,11.30,-2,KPA,30-Apr-18,03-May-18,,,,
287,A1818,Fitzgerald,ROI,9.00,-2.2,KPA,30-Apr-18,03-May-18,,,,
288,A1819,Fitzgerald,ROI,10.00,-2,KPA,30-Apr-18,03-May-18,,,,
289,A1820,Fitzgerald,ROI,10.20,-2.2,KPA,30-Apr-18,03-May-18,,,,
290,A1821,Fitzgerald,ROI,10.30,-2,KPA,30-Apr-18,03-May-18,,,,
291,A1822,Fitzgerald,ROI,10.00,-2.1,KPA,30-Apr-18,03-May-18,,,,
292,A1823,Fitzgerald,ROI,10.10,-2.3,KPA,30-Apr-18,03-May-18,,,,
293,A1824,Fitzgerald,ROI,10.40,-2.1,KPA,01-May-18,03-May-18,,,,
294,A1825,Fitzgerald,ROI,11.70,-2,KPA,01-May-18,03-May-18,,,,
295,A1826,Fitzgerald,ROI,10.40,-2.1,KPA,01-May-18,03-May-18,,,,
296,A1827,Fitzgerald,ROI,8.60,-2.2,KPA,01-May-18,03-May-18,,,,
297,A1828,Fitzgerald,ROI,10.90,-2.4,KPA,01-May-18,03-May-18,,,,
298,A1829,Fitzgerald,ROI,10.50,-2.1,KPA,01-May-18,03-May-18,,,,
299,A1830,Fitzgerald,ROI,8.60,-2.2,KPA,01-May-18,03-May-18,,,,
300,A1831,Mechtronic,UK,10.30,-2.3,KPA,01-May-18,30-May-18,,,,
301,A1832,Mechtronic,UK,10.00,-2.3,KPA,01-May-18,30-May-18,,,,
302,A1833,Mechtronic,UK,9.40,-2.2,KPA,01-May-18,30-May-18,,,,
303,A1834,Mechtronic,UK,11.70,-2,KPA,01-May-18,30-May-18,,,,
304,A1835,Mechtronic,UK,9.90,-2.3,KPA,01-May-18,30-May-18,,,,
305,A1836,Mechtronic,UK,10.00,-2.3,KPA,01-May-18,30-May-18,,,,
306,A2001,Mechtronic,UK,10.60,-2.2,KPA,23-May-18,30-May-18,,,,
307,A2002,Mechtronic,UK,9.00,-2.3,KPA,23-May-18,30-May-18,,,,
308,A2101,Mechtronic,UK,10.00,-2.2,KPA,23-May-18,30-May-18,,,,
309,A2102,Mechtronic,UK,11.40,-2.3,KPA,23-May-18,30-May-18,,,,
310,A2103,Mechtronic,UK,9.40,-2.1,KPA,23-May-18,30-May-18,,,,
311,A2104,Mechtronic,UK,9.70,-2.1,KPA,23-May-18,30-May-18,,,,
312,A2105,Mechtronic,UK,10.00,-2.4,KPA,23-May-18,30-May-18,,,,
313,A2106,Mechtronic,UK,11.40,-2,KPA,28-May-18,30-May-18,,,,
314,A2107,Mechtronic,UK,9.50,-2,KPA,28-May-18,30-May-18,,,,
315,A2108,Mechtronic,UK,10.70,-2.4,KPA,28-May-18,30-May-18,,,,
316,A2109,Mechtronic,UK,10.60,-2.2,KPA,28-May-18,30-May-18,,,,
317,A2110,Mechtronic,UK,11.80,-2.2,KPA,28-May-18,30-May-18,,,,
318,A2111,Mechtronic,UK,10.70,-2.3,KPA,28-May-18,30-May-18,,,,
319,A2112,Mechtronic,UK,10.20,-2.3,KPA,28-May-18,30-May-18,,,,
320,A2113,Mechtronic,UK,10.30,-2.3,KPA,28-May-18,30-May-18,,,,
321,A2114,Mechtronic,UK,10.20,-2.2,KPA,28-May-18,30-May-18,,,,
322,A2115,Mechtronic,UK,11.20,-2.3,KPA,28-May-18,30-May-18,,,,
323,A2116,Mechtronic,UK,9.50,-2,KPA,28-May-18,30-May-18,,,,
324,A2117,Mechtronic,UK,10.20,-2.3,KPA,28-May-18,30-May-18,,,,
325,A2118,Mechtronic,UK,10.40,-2.3,KPA,28-May-18,30-May-18,,,,
326,A2119,Mechtronic,UK,11.40,-2.3,KPA,28-May-18,30-May-18,,,,
327,A2120,Mechtronic,UK,8.80,-2.2,KPA,28-May-18,30-May-18,,,,
328,A2121,Mechtronic,UK,9.40,-2.3,KPA,28-May-18,30-May-18,,,,
329,A2122,Mechtronic,UK,8.70,-2.3,KPA,28-May-18,30-May-18,,,,
330,A2123,Mechtronic,UK,10.40,-2.2,KPA,28-May-18,30-May-18,,,,
331,A2201,Fitzgerald,ROI,11.10,-2.2,KPA,30-May-18,20-Jun-18,,,,
332,A2202,Fitzgerald,ROI,11.30,-2.4,KPA,30-May-18,20-Jun-18,,,,
333,A2203,Fitzgerald,ROI,9.70,-2.2,KPA,30-May-18,20-Jun-18,,,,
334,A2204,Fitzgerald,ROI,9.60,-2.3,KPA,30-May-18,20-Jun-18,,,,
335,A2205,Fitzgerald,ROI,12.00,-2.3,KPA,30-May-18,20-Jun-18,,,,
336,A2206,Fitzgerald,ROI,11.20,-2.3,KPA,30-May-18,20-Jun-18,,,,
337,A2207,Fitzgerald,ROI,10.40,-2.5,KPA,30-May-18,20-Jun-18,,,,
338,A2208,Fitzgerald,ROI,12.00,-2.1,KPA,30-May-18,20-Jun-18,,,,
339,A2209,Fitzgerald,ROI,10.00,-2.2,KPA,30-May-18,20-Jun-18,,,,
340,A2210,Fitzgerald,ROI,9.70,-2.4,KPA,30-May-18,20-Jun-18,,,,
341,A2211,Fitzgerald,ROI,10.00,-2.1,KPA,30-May-18,20-Jun-18,,,,
342,A2212,Fitzgerald,ROI,9.80,-2.3,KPA,30-May-18,20-Jun-18,,,,
343,A2213,Fitzgerald,ROI,9.70,-2.3,KPA,30-May-18,20-Jun-18,,,,
344,A2214,Fitzgerald,ROI,10.70,-2.4,KPA,30-May-18,20-Jun-18,,,,
345,A2215,Fitzgerald,ROI,10.60,-2,KPA,30-May-18,20-Jun-18,,,,
346,A2216,Fitzgerald,ROI,9.00,-2,KPA,30-May-18,20-Jun-18,,,,
347,A2217,Fitzgerald,ROI,10.60,-2.3,KPA,30-May-18,20-Jun-18,,,,
348,A2218,Fitzgerald,ROI,10.50,-2.1,KPA,30-May-18,20-Jun-18,,,,
349,A2219,Fitzgerald,ROI,11.40,-2.1,KPA,30-May-18,20-Jun-18,,,,
350,A2220,Fitzgerald,ROI,10.60,-2.3,KPA,30-May-18,20-Jun-18,,,,
351,A2221,Fitzgerald,ROI,9.60,-2,KPA,30-May-18,20-Jun-18,,,,
352,A2222,Fitzgerald,ROI,11.00,-2.4,KPA,30-May-18,20-Jun-18,,,,
353,A2223,Fitzgerald,ROI,9.70,-2.3,KPA,30-May-18,20-Jun-18,,,,
354,A2224,Fitzgerald,ROI,9.90,-2.3,KPA,30-May-18,20-Jun-18,,,,
355,A2225,Fitzgerald,ROI,9.10,-2.2,KPA,30-May-18,20-Jun-18,,,,
356,A2226,Fitzgerald,ROI,10.20,-2.1,KPA,30-May-18,20-Jun-18,,,,
357,A2227,Fitzgerald,ROI,11.10,-2.2,KPA,30-May-18,20-Jun-18,,,,
358,A2228,Fitzgerald,ROI,9.30,-2.3,KPA,30-May-18,20-Jun-18,,,,
359,A2229,Fitzgerald,ROI,9.90,-2,KPA,30-May-18,20-Jun-18,,,,
360,A2230,Fitzgerald,ROI,11.40,-2.2,KPA,30-May-18,20-Jun-18,,,,
361,A2301,Fitzgerald,ROI,10.60,-2.4,KPA,04-Jun-18,20-Jun-18,,,,
362,A2302,Fitzgerald,ROI,9.30,-2.2,KPA,04-Jun-18,20-Jun-18,,,,
363,A2303,Fitzgerald,ROI,11.00,-2.2,KPA,04-Jun-18,20-Jun-18,,,,
364,A2304,Fitzgerald,ROI,10.00,-2.1,KPA,04-Jun-18,20-Jun-18,,,,
365,A2305,Fitzgerald,ROI,10.90,-2.3,KPA,04-Jun-18,20-Jun-18,,,,
366,A2306,Fitzgerald,ROI,9.70,-2.1,KPA,04-Jun-18,20-Jun-18,,,,
367,A2307,Fitzgerald,ROI,9.80,-2.4,KPA,04-Jun-18,20-Jun-18,,,,
368,A2308,Fitzgerald,ROI,9.00,-2.2,KPA,04-Jun-18,20-Jun-18,,,,
369,A2309,Fitzgerald,ROI,10.50,-2.4,KPA,04-Jun-18,20-Jun-18,,,,
370,A2310,Fitzgerald,ROI,9.30,-2.2,KPA,04-Jun-18,20-Jun-18,,,,
371,A2311,Fitzgerald,ROI,10.20,-2.3,KPA,04-Jun-18,20-Jun-18,,,,
372,A2312,Fitzgerald,ROI,9.70,-2.4,KPA,04-Jun-18,20-Jun-18,,,,
373,A2313,Fitzgerald,ROI,10.20,-2.1,KPA,04-Jun-18,20-Jun-18,,,,
374,A2314,Fitzgerald,ROI,10.30,-2.2,KPA,04-Jun-18,20-Jun-18,,,,
375,A2315,Fitzgerald,ROI,9.80,-2,KPA,04-Jun-18,20-Jun-18,,,,
376,A2316,Fitzgerald,ROI,9.60,-2.3,KPA,04-Jun-18,20-Jun-18,,,,
377,A2317,Fitzgerald,ROI,10.00,-2,KPA,04-Jun-18,20-Jun-18,,,,
378,A2318,Fitzgerald,ROI,9.90,-2,KPA,04-Jun-18,20-Jun-18,,,,
379,A2319,Fitzgerald,ROI,9.70,-2,KPA,04-Jun-18,20-Jun-18,,,,
380,A2320,Fitzgerald,ROI,10.60,-2.2,KPA,04-Jun-18,20-Jun-18,,,,
381,A2321,Fitzgerald,ROI,9.70,-2.4,KPA,08-Jun-18,20-Jun-18,,,,
382,A2322,Fitzgerald,ROI,9.60,-2.3,KPA,08-Jun-18,20-Jun-18,,,,
383,A2401,Fitzgerald,ROI,9.50,-2.3,KPA,11-Jun-18,20-Jun-18,,,,
384,A2402,Fitzgerald,ROI,11.00,-2.3,KPA,11-Jun-18,20-Jun-18,,,,
385,A2403,Fitzgerald,ROI,11.30,-2.4,KPA,11-Jun-18,20-Jun-18,,,,
386,A2404,Fitzgerald,ROI,9.50,-2.1,KPA,11-Jun-18,20-Jun-18,,,,
387,A2405,Fitzgerald,ROI,9.80,-2.1,KPA,11-Jun-18,20-Jun-18,,,,
389,A2406,Fitzgerald,ROI,9.40,-2.3,KPA,12-Jun-18,20-Jun-18,,,,
390,A2407,Fitzgerald,ROI,10.50,-2.4,KPA,12-Jun-18,20-Jun-18,,,,
391,A2408,Fitzgerald,ROI,9.20,-2.5,KPA,12-Jun-18,20-Jun-18,,,,
392,A2409,Fitzgerald,ROI,9.00,-2.1,KPA,12-Jun-18,20-Jun-18,,,,
393,A2410,Fitzgerald,ROI,10.60,-2.3,KPA,12-Jun-18,20-Jun-18,,,,
394,A2411,Fitzgerald,ROI,12.00,-2.4,KPA,12-Jun-18,20-Jun-18,,,,
395,A2412,Fitzgerald,ROI,10.20,-2.5,KPA,12-Jun-18,20-Jun-18,,,,
396,A2413,Fitzgerald,ROI,11.00,-2.3,KPA,12-Jun-18,20-Jun-18,,,,
397,A2414,Fitzgerald,ROI,9.50,-2.4,KPA,12-Jun-18,20-Jun-18,,,,
398,A2415,Fitzgerald,ROI,9.80,-2.3,KPA,12-Jun-18,20-Jun-18,,,,
399,A2416,Fitzgerald,ROI,10.30,-2.5,KPA,12-Jun-18,20-Jun-18,,,,
400,A2417,Fitzgerald,ROI,9.20,-2.5,KPA,12-Jun-18,20-Jun-18,,,,
401,A2418,Fitzgerald,ROI,11.10,-2.2,KPA,12-Jun-18,20-Jun-18,,,,
402,A2419,Fitzgerald,ROI,9.20,-2.2,KPA,12-Jun-18,20-Jun-18,,,,
403,A2420,Fitzgerald,ROI,10.00,-2.4,KPA,13-Jun-18,20-Jun-18,,,,
404,A2421,Fitzgerald,ROI,9.00,-2.4,KPA,13-Jun-18,20-Jun-18,,,,
405,A2422,Fitzgerald,ROI,9.50,-2.3,KPA,14-Jun-18,20-Jun-18,,,,
406,A2423,Fitzgerald,ROI,10.00,-2.4,KPA,14-Jun-18,20-Jun-18,,,,
407,A2424,Fitzgerald,ROI,9.70,-2.3,KPA,14-Jun-18,20-Jun-18,,,,
408,A2425,Fitzgerald,ROI,9.60,-2.2,KPA,14-Jun-18,20-Jun-18,,,,
409,A2426,Fitzgerald,ROI,9.20,-2.1,KPA,14-Jun-18,20-Jun-18,,,,
410,A2427,Fitzgerald,ROI,9.30,-2,KPA,14-Jun-18,20-Jun-18,,,,
411,A2428,Fitzgerald,ROI,9.20,-2,KPA,14-Jun-18,20-Jun-18,,,,
412,A2429,Fitzgerald,ROI,11.30,-2.4,KPA,14-Jun-18,20-Jun-18,,,,
413,A2430,Fitzgerald,ROI,9.20,-2.2,KPA,14-Jun-18,20-Jun-18,,,,
414,A2431,Fitzgerald,ROI,10.70,-2.3,KPA,14-Jun-18,20-Jun-18,,,,
415,A2432,Fitzgerald,ROI,9.80,-2.2,KPA,14-Jun-18,20-Jun-18,,,,
416,A2433,Fitzgerald,ROI,9.00,-2,KPA,14-Jun-18,20-Jun-18,,,,
417,A2434,Fitzgerald,ROI,10.60,-2.5,KPA,14-Jun-18,20-Jun-18,,,,
418,A2435,Fitzgerald,ROI,10.70,-2.3,KPA,14-Jun-18,20-Jun-18,,,,
419,A2436,Fitzgerald,ROI,9.20,-2.3,KPA,14-Jun-18,20-Jun-18,,,,
420,A2437,Fitzgerald,ROI,10.60,-2.3,KPA,14-Jun-18,20-Jun-18,,,,
421,A2438,Fitzgerald,ROI,11.00,-2.2,KPA,14-Jun-18,20-Jun-18,,,,
422,A2439,Fitzgerald,ROI,9.10,-2.1,KPA,14-Jun-18,20-Jun-18,,,,
423,A2440,Fitzgerald,ROI,10.00,-2.4,KPA,14-Jun-18,20-Jun-18,,,,
424,A2441,Fitzgerald,ROI,9.40,-2.3,KPA,14-Jun-18,20-Jun-18,,,,
425,A2442,Fitzgerald,ROI,9.10,-2.3,KPA,14-Jun-18,20-Jun-18,,,,
426,A2443,Fitzgerald,ROI,10.30,-2.1,KPA,14-Jun-18,20-Jun-18,,,,
427,A2444,Fitzgerald,ROI,9.40,-2.2,KPA,14-Jun-18,20-Jun-18,,,,
428,A2445,Fitzgerald,ROI,10.60,-2.2,KPA,14-Jun-18,20-Jun-18,,,,
429,A2446,Fitzgerald,ROI,9.80,-2.1,KPA,14-Jun-18,20-Jun-18,,,,
430,A2447,Fitzgerald,ROI,10.40,-2.3,KPA,14-Jun-18,20-Jun-18,,,,
431,A2448,Fitzgerald,ROI,10.20,-2.4,KPA,14-Jun-18,20-Jun-18,,,,
432,A2449,Fitzgerald,ROI,9.50,-2,KPA,14-Jun-18,20-Jun-18,,,,
433,A2501,Mechtronic,UK,10.50,-2.5,KPA,18-Jun-18,28-Jun-18,,,,
434,A2502,Mechtronic,UK,10.50,-2,KPA,18-Jun-18,28-Jun-18,,,,
435,A2503,Mechtronic,UK,10.50,-2.1,KPA,18-Jun-18,28-Jun-18,,,,
436,A2504,Mechtronic,UK,12.00,-2.2,KPA,18-Jun-18,28-Jun-18,,,,
437,A2505,Mechtronic,UK,10.50,-2,KPA,18-Jun-18,28-Jun-18,,,,
438,A2506,Mechtronic,UK,10.50,-2.5,KPA,18-Jun-18,28-Jun-18,,,,
439,A2507,Mechtronic,UK,11.80,-2.1,KPA,20-Jun-18,28-Jun-18,,,,
440,A2508,Mechtronic,UK,11.10,-2.4,KPA,20-Jun-18,28-Jun-18,,,,
441,A2509,Mechtronic,UK,10.40,-2.1,KPA,20-Jun-18,28-Jun-18,,,,
442,A2510,Mechtronic,UK,9.50,-2.4,KPA,20-Jun-18,28-Jun-18,,,,
443,A2511,Mechtronic,UK,11.30,-2,KPA,20-Jun-18,28-Jun-18,,,,
444,A2512,Mechtronic,UK,9.40,-2.3,KPA,20-Jun-18,28-Jun-18,,,,
445,A2513,Mechtronic,UK,9.30,-2.4,KPA,20-Jun-18,28-Jun-18,,,,
446,A2514,Mechtronic,UK,11.30,-2,KPA,20-Jun-18,28-Jun-18,,,,
447,A2515,Mechtronic,UK,9.80,-2.3,KPA,20-Jun-18,28-Jun-18,,,,
448,A2516,Mechtronic,UK,9.00,-2.1,KPA,20-Jun-18,28-Jun-18,,,,
449,A2517,Mechtronic,UK,9.60,-2.3,KPA,20-Jun-18,28-Jun-18,,,,
450,A2518,Mechtronic,UK,10.40,-2.1,KPA,20-Jun-18,28-Jun-18,,,,
451,A2519,Mechtronic,UK,10.00,-2.4,KPA,20-Jun-18,28-Jun-18,,,,
452,A2520,Mechtronic,UK,9.40,-2.1,KPA,20-Jun-18,28-Jun-18,,,,
453,A2521,Mechtronic,UK,9.50,-2.1,KPA,20-Jun-18,28-Jun-18,,,,
454,A2522,Mechtronic,UK,9.50,-2.5,KPA,20-Jun-18,28-Jun-18,,,,
455,A2523,Mechtronic,UK,10.60,-2.3,KPA,20-Jun-18,28-Jun-18,,,,
456,A2524,Mechtronic,UK,10.00,-2.2,KPA,20-Jun-18,28-Jun-18,,,,
457,A2525,Mechtronic,UK,10.50,-2.2,KPA,20-Jun-18,28-Jun-18,,,,
458,A2526,Mechtronic,UK,10.50,-2.3,KPA,20-Jun-18,28-Jun-18,,,,
459,A2527,Mechtronic,UK,9.80,-2,KPA,20-Jun-18,28-Jun-18,,,,
460,A2528,Mechtronic,UK,9.40,-2.2,KPA,20-Jun-18,28-Jun-18,,,,
461,A2529,Mechtronic,UK,10.00,-2.1,KPA,20-Jun-18,28-Jun-18,,,,
462,A2530,Mechtronic,UK,9.50,-2.3,KPA,20-Jun-18,28-Jun-18,,,,
463,A2531,Mechtronic,UK,10.90,-2.1,KPA,20-Jun-18,28-Jun-18,,,,
464,A2532,Mechtronic,UK,10.50,-2.3,KPA,20-Jun-18,28-Jun-18,,,,
465,A2533,Mechtronic,UK,10.80,-2.3,KPA,20-Jun-18,28-Jun-18,,,,
466,A2534,Mechtronic,UK,11.30,-2.5,KPA,20-Jun-18,28-Jun-18,,,,
467,A2535,Mechtronic,UK,10.50,-2.4,KPA,20-Jun-18,28-Jun-18,,,,
469,A2601,Mechtronic,UK,10.40,-2.1,KPA,25-Jun-18,28-Jun-18,,,,
470,A2602,Mechtronic,UK,10.40,-2.1,KPA,25-Jun-18,28-Jun-18,,,,
471,A2603,Mechtronic,UK,9.90,-2.2,KPA,25-Jun-18,28-Jun-18,,,,
472,A2604,Mechtronic,UK,9.10,-2.1,KPA,25-Jun-18,28-Jun-18,,,,
473,A2605,Mechtronic,UK,12.00,-2,KPA,25-Jun-18,28-Jun-18,,,,
474,A2606,Mechtronic,UK,10.20,-2.1,KPA,25-Jun-18,28-Jun-18,,,,
475,A2607,Mechtronic,UK,10.40,-2.2,KPA,25-Jun-18,28-Jun-18,,,,
476,A2608,Mechtronic,UK,10.80,-2.3,KPA,25-Jun-18,28-Jun-18,,,,
477,A2609,Mechtronic,UK,10.30,-2.4,KPA,25-Jun-18,28-Jun-18,,,,
478,A2610,Mechtronic,UK,9.80,-2.3,KPA,25-Jun-18,28-Jun-18,,,,
479,A2611,Mechtronic,UK,10.30,-2.2,KPA,25-Jun-18,28-Jun-18,,,,
480,A2612,Mechtronic,UK,10.10,-2.5,KPA,25-Jun-18,28-Jun-18,,,,
481,A2613,Mechtronic,UK,10.20,-2.1,KPA,25-Jun-18,28-Jun-18,,,,
482,A2614,Mechtronic,UK,9.60,-2.3,KPA,25-Jun-18,28-Jun-18,,,,
483,A2615,Mechtronic,UK,10.20,-2.2,KPA,25-Jun-18,28-Jun-18,,,,
484,A2616,,,9.90,-2.3,KPA,26-Jun-18,,,,,
485,A2617,,,9.80,-2.1,KPA,26-Jun-18,,,,,
486,A2618,,,10.10,-2.1,KPA,26-Jun-18,,,,,
487,A2619,,,9.70,-2,KPA,26-Jun-18,,,,,
488,A2620,,,12.00,-2.2,KPA,26-Jun-18,,,,,
489,A2621,,,10.60,-2.2,KPA,26-Jun-18,,,,,
490,A2622,,,10.30,-2.3,KPA,26-Jun-18,,,,,
491,A2623,,,10.50,-2.5,KPA,26-Jun-18,,,,,
492,A2624,,,11.20,-2,KPA,26-Jun-18,,,,,
493,A2625,,,12.00,-2.3,KPA,26-Jun-18,,,,,
494,A2626,,,10.50,-2.2,KPA,26-Jun-18,,,,,
495,A2627,,,10.50,-2.5,KPA,28-Jun-18,,,,,
496,A2628,,,10.30,-2.3,KPA,28-Jun-18,,,0,0,
497,A2629,,,10.20,-2.5,KPA,28-Jun-18,,,0,0,
498,A2630,,,10.30,-2.1,KPA,28-Jun-18,,,0,0,
499,A2631,,,10.20,-2.5,KPA,28-Jun-18,,,0,0,
500,A2632,,,10.40,-2.3,KPA,28-Jun-18,,,0,0,
501,A2633,,,10.40,-2.5,KPA,28-Jun-18,,,0,0,
502,A2634,,,10.00,-2.4,KPA,28-Jun-18,,,0,0,
503,A2635,,,9.60,-2.5,KPA,28-Jun-18,,,0,0,
504,A2636,,,11.50,-2.5,KPA,28-Jun-18,,,0,0,
505,A2637,,,10.40,-2.4,KPA,28-Jun-18,,,0,0,
506,A2638,,,11.50,-2.5,KPA,28-Jun-18,,,0,0,
507,A2639,,,10.20,-2.4,KPA,28-Jun-18,,,0,0,
508,A2640,,,10.50,-2.5,KPA,28-Jun-18,,,0,0,
509,A2641,,,10.20,-2.5,KPA,28-Jun-18,,,0,0,
510,A2642,,,10.80,-2.1,KPA,29-Jun-18,,,0,0,
511,A2643,,,11.20,-2.3,KPA,29-Jun-18,,,0,0,
512,A2644,,,10.50,-2.4,KPA,29-Jun-18,,,0,0,
513,A2645,,,10.60,-2,KPA,29-Jun-18,,,0,0,
514,A2646,,,10.80,-2,KPA,29-Jun-18,,,0,0,
515,A2647,,,12.00,-2.2,KPA,29-Jun-18,,,0,0,
516,A2648,,,11.80,-2.1,KPA,29-Jun-18,,,0,0,
517,A2649,,,11.80,-2.5,KPA,29-Jun-18,,,0,0,
518,A2650,,,10.80,-2.4,KPA,29-Jun-18,,,0,0,
519,A2651,,,9.80,-2.3,KPA,29-Jun-18,,,0,0,
520,A2701,,,10.90,-2.2,KPA,03-Jul-18,,,0,0,
521,A2702,,,10.60,-2.4,KPA,03-Jul-18,,,0,0,
522,A2703,,,10.20,-2.4,KPA,03-Jul-18,,,0,0,
523,A2704,,,9.80,-2.2,KPA,03-Jul-18,,,0,0,
524,A2705,,,10.90,-2.4,KPA,03-Jul-18,,,0,0,
525,A2706,,,9.40,-2.2,KPA,03-Jul-18,,,0,0,
526,A2707,,,10.40,-2.4,KPA,03-Jul-18,,,0,0,
527,A2708,,,9.80,-2.2,KPA,03-Jul-18,,,0,0,
528,A2709,,,9.50,-2.4,KPA,03-Jul-18,,,0,0,
529,A2710,,,9.50,-2.2,KPA,03-Jul-18,,,0,0,
530,A2711,,,10.60,-2.4,KPA,03-Jul-18,,,0,0,
531,A2712,,,10.60,-2,KPA,03-Jul-18,,,0,0,
532,A2713,,,10.40,-2.3,KPA,03-Jul-18,,,0,0,
533,A2714,,,10.30,-2.3,KPA,03-Jul-18,,,0,0,
